{
  "years": {
    "from": 2014,
    "to": 2025,
    "include_postseason": false
  },
  "record": {
    "wins": 69,
    "losses": 73,
    "n_games": 142,
    "win_rate": 0.4859154929577465,
    "win_rate_wilson_95": {
      "low": 0.4051684355909101,
      "high": 0.5674045477005513
    }
  },
  "margin": {
    "mean": -0.5845070422535211,
    "mean_bootstrap_95": {
      "low": -3.9859154929577465,
      "high": 3.007042253521127
    }
  },
  "splits": {
    "home": {
      "n": 73.0,
      "rate": 0.5753424657534246,
      "ci_low": 0.46099174047029373,
      "ci_high": 0.6821598857321799
    },
    "away": {
      "n": 60.0,
      "rate": 0.4,
      "ci_low": 0.28569303003765506,
      "ci_high": 0.5263417560579315
    },
    "neutral": {
      "n": 9.0,
      "rate": 0.3333333333333333,
      "ci_low": 0.12058159868274287,
      "ci_high": 0.6458026525009103
    },
    "home_minus_away_bootstrap_95": {
      "low": -0.17237442922374435,
      "high": 0.16940639269406388
    }
  }
}